ward_id,name,basin,cemetery,commercial,farmland,forest,industrial,plantation,recreation_ground,residential,retail,total_landuse_km2,ward_area_km2,basin_pct,cemetery_pct,commercial_pct,farmland_pct,forest_pct,industrial_pct,plantation_pct,recreation_ground_pct,residential_pct,retail_pct
1,GOTA,0.0,0.0,0.0004302586681808763,0.0,0.0,0.6981810702995879,0.0,0.0,0.9431935884342108,0.0,1.6418049174019795,33.8138621266587,0.0,0.0,0.0,0.0,0.0,2.06,0.0,0.0,2.79,0.0
2,CHANDLODIA,0.020775759458301835,0.0,0.011596749695057565,0.0,0.0,0.1196362927469765,0.0,0.0,0.4491001409257818,0.0,0.6011089428261177,13.710938041925436,0.15,0.0,0.08,0.0,0.0,0.87,0.0,0.0,3.28,0.0
3,CHANDKHEDA,0.0,0.0,0.09740648972827091,0.08521157661058622,0.02322426425382508,0.03064739414300044,0.0,0.005296529467920165,2.484211380724433,0.0,2.725997634928036,11.918371955419419,0.0,0.0,0.82,0.71,0.19,0.26,0.0,0.04,20.84,0.0
4,SABARMATI,0.0,0.0,0.05458257061621306,0.0,0.0,0.5395105738657544,0.0,0.02516307536840982,4.4817614690690135,0.004702286115182713,5.105719975034574,9.792912072402483,0.0,0.0,0.56,0.0,0.0,5.51,0.0,0.26,45.77,0.05
5,RANIP,0.0,0.0,0.002347467091671726,0.0,0.0,0.2943704838100718,0.0,0.0,3.4611957923165315,0.0,3.757913743218275,7.559320483775771,0.0,0.0,0.03,0.0,0.0,3.89,0.0,0.0,45.79,0.0
6,NEW WADAJ,0.0,0.0,0.009767292008298588,0.0,0.0,0.05901120450034736,0.0,0.0,2.16544527119647,0.0,2.2342237677051155,3.1759818076215334,0.0,0.0,0.31,0.0,0.0,1.86,0.0,0.0,68.18,0.0
7,GHATLODIA,0.0,0.0,0.006263816548353416,0.0,0.0,0.0,0.0,0.0,2.023890797868762,0.0,2.0301546144171154,3.005043105533901,0.0,0.0,0.21,0.0,0.0,0.0,0.0,0.0,67.35,0.0
8,THALTEJ,0.0,0.0,0.2325190762489701,0.11430865813419024,0.0,0.15753745982385836,0.0,0.02286487825408871,9.34787255085286,0.012254466332636856,9.887357089646605,28.02643808763393,0.0,0.0,0.83,0.41,0.0,0.56,0.0,0.08,33.35,0.04
9,NARANPURA,0.0,0.0,0.010211208619746323,0.0,0.0,0.041584176591072844,0.0,0.0,3.661818392574768,0.0,3.713613777785587,4.913160566070165,0.0,0.0,0.21,0.0,0.0,0.85,0.0,0.0,74.53,0.0
10,S.P.STADIUM,0.0,0.0,0.12110670574927529,0.0,0.0,0.10251588442285751,0.0,0.0,2.4838810875226076,0.03428159887363002,2.74178527656837,5.250848069217207,0.0,0.0,2.31,0.0,0.0,1.95,0.0,0.0,47.3,0.65
11,SARDARNAGAR,0.0,0.0,0.0,0.0,0.0,0.6191821783511291,0.0,0.0,1.5686775410286153,0.0,2.1878597193797447,8.721460305151574,0.0,0.0,0.0,0.0,0.0,7.1,0.0,0.0,17.99,0.0
12,NARODA,0.0,0.0,0.0,0.0,0.0,3.108257317020555,0.0,0.0,2.903801901336849,0.0,6.012059218357404,13.855661271909455,0.0,0.0,0.0,0.0,0.0,22.43,0.0,0.0,20.96,0.0
13,SAIJPUR BOGHA,0.0,0.0,0.0,0.0,0.0,0.0,0.0,0.0,0.14005827603902932,0.0,0.14005827603902932,3.1097874264739236,0.0,0.0,0.0,0.0,0.0,0.0,0.0,0.0,4.5,0.0
14,KUBERNAGR,0.0,0.0,0.03347954746467334,0.0,0.0,0.0,0.0,0.0,0.23504211320373206,0.0,0.2685216606684054,2.2360504493541717,0.0,0.0,1.5,0.0,0.0,0.0,0.0,0.0,10.51,0.0
15,ASARWA,0.0,0.0,0.0,0.0,0.0,0.003979631902517642,0.0,0.0,0.009182200639257796,0.0,0.013161832541775439,2.4401119981612363,0.0,0.0,0.0,0.0,0.0,0.16,0.0,0.0,0.38,0.0
16,SHAHIBAG,0.0,0.0883071192895006,0.46888091299424334,0.0,0.0,0.21716360165622087,0.0,0.0,2.1173426329422,0.0,2.8916942668821646,4.434465725506191,0.0,1.99,10.57,0.0,0.0,4.9,0.0,0.0,47.75,0.0
17,SHAHPUR,0.0,0.0007018791239456068,0.0798149542441105,0.0,0.0,0.0,0.0,0.0,1.789023866389611,0.0034842074092561134,1.8730249071669232,3.7811722115502233,0.0,0.02,2.11,0.0,0.0,0.0,0.0,0.0,47.31,0.09
18,NAVRANGPURA,0.0,0.0,0.7514209958044171,0.0,0.0,0.0,0.0,0.01503359073811496,6.241820407197831,0.0,7.008274993740363,12.001909652034122,0.0,0.0,6.26,0.0,0.0,0.0,0.0,0.13,52.01,0.0
19,BODAKDEV,0.0,0.0,0.31027198459564254,0.0,0.040002700051191276,0.017973868771321136,0.0009440683046760508,0.2047724828347599,7.9645283018213275,0.016552009907462473,8.555045416286381,12.953594847613415,0.0,0.0,2.4,0.0,0.31,0.14,0.01,1.58,61.49,0.13
20,JODHPUR,0.0,0.0,0.22499757795556405,0.0,0.0,0.0,0.0,0.0,4.20816580853669,0.0,4.433163386492255,9.87218214456964,0.0,0.0,2.28,0.0,0.0,0.0,0.0,0.0,42.63,0.0
21,DARIYAPUR,0.0,0.0,0.060773670559892246,0.0,0.0,0.0,0.0,0.0,1.3217838849783554,0.01272047297929722,1.3952780285175448,1.6206830755793349,0.0,0.0,3.75,0.0,0.0,0.0,0.0,0.0,81.56,0.78
22,INDIA COLONY,0.0,0.0,0.0,0.0,0.0,0.38274418595412385,0.0,0.0,0.17328806583437845,0.0,0.5560322517885024,4.573052533906986,0.0,0.0,0.0,0.0,0.0,8.37,0.0,0.0,3.79,0.0
23,THAKKARBAPANAGAR,0.0,0.0,0.0,0.0,0.0,0.0,0.0,0.0,0.005084076297590678,0.0,0.005084076297590678,3.0964159206292154,0.0,0.0,0.0,0.0,0.0,0.0,0.0,0.0,0.16,0.0
24,NIKOL,0.0,0.0,0.011060127800616047,0.0,0.0,1.6299802611328171,0.0,0.0,1.145271242540763,0.0,2.786311631474196,11.49337065424202,0.0,0.0,0.1,0.0,0.0,14.18,0.0,0.0,9.96,0.0
25,VIRATNAGAR,0.0,0.0,0.0,0.0,0.0,0.7339176053699829,0.0,0.0,0.17334133603897767,0.0,0.9072589414089605,3.745445943589002,0.0,0.0,0.0,0.0,0.0,19.59,0.0,0.0,4.63,0.0
26,BAPUNAGAR,0.0,0.0,0.0,0.0,0.0,0.0,0.0,0.0,0.3276017920703141,0.0,0.3276017920703141,2.6817675126826463,0.0,0.0,0.0,0.0,0.0,0.0,0.0,0.0,12.22,0.0
27,SARASPUR-RAKHIYAL,0.0,0.0,0.030975804022915037,0.0,0.0,0.0,0.0,0.0,2.0814796393948236,0.0,2.1124554434177387,3.060012809983101,0.0,0.0,1.01,0.0,0.0,0.0,0.0,0.0,68.02,0.0
28,KHADIA,0.0,0.0,0.370976165836011,0.0,0.0,0.03258883314710564,0.0,0.0,2.512608622080996,0.0,2.9161736210641123,3.269364246545433,0.0,0.0,11.35,0.0,0.0,1.0,0.0,0.0,76.85,0.0
29,JAMALPUR,0.0,0.00287476659876435,0.15130561987401014,0.0,0.0,0.04828641388072476,0.0,0.002097457652287556,1.2817867456643683,0.02676140972546805,1.5131124133956233,2.8150424881640785,0.0,0.1,5.37,0.0,0.0,1.72,0.0,0.07,45.53,0.95
30,PALDI,0.0,0.0,0.3097311867150397,0.0,0.0,0.0,0.0,0.033687860022035734,3.4053709309594047,0.0,3.74878997769648,5.5941419599461835,0.0,0.0,5.54,0.0,0.0,0.0,0.0,0.6,60.87,0.0
31,VASNA,0.0,0.0,0.0,0.0,0.0,0.01532175670345391,0.0,0.0,2.267615858210655,0.0,2.282937614914109,5.577888554905606,0.0,0.0,0.0,0.0,0.0,0.27,0.0,0.0,40.65,0.0
32,VEJALPUR,0.0,0.0,0.013753309172632762,0.0,0.0,0.0,0.0,0.0,1.9200509553239762,0.0,1.933804264496609,2.900773784715825,0.0,0.0,0.47,0.0,0.0,0.0,0.0,0.0,66.19,0.0
33,SARKHEJ,0.0,0.0,0.10193298946470247,0.0,0.0,1.1563367397330864,0.0,0.0004586079046093583,0.38206330766469737,0.0,1.6407916447670956,23.64008199912347,0.0,0.0,0.43,0.0,0.0,4.89,0.0,0.0,1.62,0.0
34,MAKTAMPURA,0.0,0.007740677815471137,0.0,0.0,0.0,0.0,0.0,0.0,0.6573862412813251,0.0,0.6651269190967962,25.554343070904487,0.0,0.03,0.0,0.0,0.0,0.0,0.0,0.0,2.57,0.0
35,BAHERAMPURA,0.0,0.0,0.1834290497856792,0.14861473726685628,0.0,6.431532212340457,0.0,0.0,2.456290977009549,0.0,9.219866976402542,10.230145837280045,0.0,0.0,1.79,1.45,0.0,62.87,0.0,0.0,24.01,0.0
36,DANILIMDA,0.0,0.0,0.009841723656435878,0.0,0.0,0.24888514216570956,0.0,0.0,0.923603618526436,0.0,1.1823304843485816,3.547105206938656,0.0,0.0,0.28,0.0,0.0,7.02,0.0,0.0,26.04,0.0
37,MANINAGAR,0.0,0.004568532321873521,0.0,0.0,0.0,0.0,0.0,0.00962441383050004,3.3891149209272413,0.0,3.403307867079615,4.547598344658079,0.0,0.1,0.0,0.0,0.0,0.0,0.0,0.21,74.53,0.0
38,GOMTIPUR,0.0,0.0,0.0,0.0,0.0,0.22092588821699088,0.0,0.0,1.8576656085327188,0.0,2.0785914967497097,3.2411938110200804,0.0,0.0,0.0,0.0,0.0,6.82,0.0,0.0,57.31,0.0
39,AMRAIWADI,0.0,0.0,0.033580065127047413,0.0,0.0,0.21139399330811673,0.0,0.0,1.7161579448149418,0.0,1.9611320032501058,3.144139829683059,0.0,0.0,1.07,0.0,0.0,6.72,0.0,0.0,54.58,0.0
40,ODHAV,0.0,0.0,0.0,0.0,0.0,2.9386566905921843,0.0,0.0,1.0917581777830552,0.0,4.03041486837524,5.468498156788143,0.0,0.0,0.0,0.0,0.0,53.74,0.0,0.0,19.96,0.0
41,VASTRAL,0.0,0.0,0.0,0.0,0.0,0.5102812698947905,0.0,0.0,3.9699626897233475,0.0,4.480243959618138,13.484631275510027,0.0,0.0,0.0,0.0,0.0,3.78,0.0,0.0,29.44,0.0
42,INDRAPURI,0.0,0.0,0.0,0.0,0.0,0.35988538043503493,0.0,0.0,0.5471535029975553,0.0,0.9070388834325902,3.3212139749391074,0.0,0.0,0.0,0.0,0.0,10.84,0.0,0.0,16.47,0.0
43,BHAIPURA HATKESHWAR,0.0,0.0,0.0,0.0,0.0,0.0,0.0,0.0,0.9794164791402898,0.0,0.9794164791402898,1.9415008625677082,0.0,0.0,0.0,0.0,0.0,0.0,0.0,0.0,50.45,0.0
44,KHOKHRA,0.0,0.0,0.0,0.0,0.0,0.26456604028135833,0.0,0.0,2.41519089360719,0.0,2.679756933888548,3.588188239388745,0.0,0.0,0.0,0.0,0.0,7.37,0.0,0.0,67.31,0.0
45,ISANPUR,0.0,0.0,0.0,0.0,0.0,4.218018164978332e-05,0.0,0.0,1.8029222871937023,0.0,1.802964467375352,4.092708236115647,0.0,0.0,0.0,0.0,0.0,0.0,0.0,0.0,44.05,0.0
46,LAMBHA,0.0,0.0,0.0,0.0,0.0,10.401666426458773,0.0,0.0,1.0026942410991655,0.0,11.404360667557938,48.163155265872206,0.0,0.0,0.0,0.0,0.0,21.6,0.0,0.0,2.08,0.0
47,VATVA,0.0,0.0,0.0,0.0,0.0,0.0,0.0,0.0,3.107369373954085,0.0,3.107369373954085,11.306182516086148,0.0,0.0,0.0,0.0,0.0,0.0,0.0,0.0,27.48,0.0
48,RAMOL HATHIJAN,0.0,0.0,0.0025465970827843426,0.0,0.0,6.602041085093575,0.0,0.0,0.0,0.0,6.604587682176359,30.786045509127746,0.0,0.0,0.01,0.0,0.0,21.44,0.0,0.0,0.0,0.0
