city,town,ward,No_HH,TOT_P,TOT_M,TOT_F,P_06,M_06,F_06,P_SC,M_SC,F_SC,P_ST,M_ST,F_ST,P_LIT,M_LIT,F_LIT,P_ILL,M_ILL,F_ILL,TOT_WORK_P,TOT_WORK_M,TOT_WORK_F,MAINWORK_P,MAINWORK_M,MAINWORK_F,MAIN_CL_P,MAIN_AL_P,MAIN_HH_P,MAIN_OT_P,MARGWORK_P,MARGWORK_M,MARGWORK_F,NON_WORK_P,NON_WORK_M,NON_WORK_F,pop_2026_est
Gandhinagar,Gandhinagar (NA) WARD NO.-0001,1,1506,6430,3411,3019,542,335,207,665,348,317,324,178,146,5688,3031,2657,742,380,362,2313,1840,473,1815,1565,250,16,5,7,1787,498,275,223,4117,1571,2546,9313
Gandhinagar,Gandhinagar (NA) WARD NO.-0002,2,1577,7089,3720,3369,611,330,281,389,215,174,344,189,155,6210,3328,2882,879,392,487,2306,1866,440,2122,1745,377,33,9,15,2065,184,121,63,4783,1854,2929,10267
Gandhinagar,Gandhinagar (NA) WARD NO.-0003,3,1253,5782,3072,2710,421,230,191,604,323,281,379,206,173,5150,2797,2353,632,275,357,1763,1510,253,1680,1458,222,13,2,6,1659,83,52,31,4019,1562,2457,8374
Gandhinagar,Gandhinagar (NA) WARD NO.-0004,4,1512,7048,3674,3374,594,346,248,744,376,368,193,100,93,6277,3304,2973,771,370,401,2767,1995,772,2549,1871,678,25,7,30,2487,218,124,94,4281,1679,2602,10208
Gandhinagar,Gandhinagar (NA) WARD NO.-0005,5,1160,5408,2886,2522,466,275,191,131,69,62,13,6,7,4750,2563,2187,658,323,335,1737,1499,238,1692,1466,226,17,3,15,1657,45,33,12,3671,1387,2284,7832
Gandhinagar,Gandhinagar (NA) WARD NO.-0006,6,1637,7461,3945,3516,779,425,354,684,352,332,118,59,59,5809,3237,2572,1652,708,944,2479,2103,376,2420,2065,355,26,2,23,2369,59,38,21,4982,1842,3140,10806
Gandhinagar,Gandhinagar (NA) WARD NO.-0007,7,2986,14604,7581,7023,1657,893,764,3217,1670,1547,983,501,482,11106,6145,4961,3498,1436,2062,5193,4155,1038,4183,3650,533,12,4,195,3972,1010,505,505,9411,3426,5985,21151
Gandhinagar,Gandhinagar (NA) WARD NO.-0008,8,1408,6147,3241,2906,436,261,175,521,271,250,201,108,93,5427,2897,2530,720,344,376,1864,1545,319,1809,1506,303,5,14,0,1790,55,39,16,4283,1696,2587,8903
Gandhinagar,Gandhinagar (NA) WARD NO.-0009,9,1834,8005,4177,3828,566,313,253,778,400,378,373,211,162,7186,3803,3383,819,374,445,2558,2144,414,2399,2024,375,9,1,3,2386,159,120,39,5447,2033,3414,11594
Gandhinagar,Gandhinagar (NA) WARD NO.-0010,10,1175,5239,2726,2513,427,232,195,525,278,247,290,151,139,4608,2455,2153,631,271,360,1633,1394,239,1518,1327,191,9,4,12,1493,115,67,48,3606,1332,2274,7588
Gandhinagar,Gandhinagar (NA) WARD NO.-0011,11,748,3196,1677,1519,312,167,145,442,231,211,352,194,158,2688,1467,1221,508,210,298,1129,904,225,1106,892,214,9,0,8,1089,23,12,11,2067,773,1294,4629
Gandhinagar,Gandhinagar (NA) WARD NO.-0012,12,356,1429,730,699,99,61,38,99,56,43,71,34,37,1281,660,621,148,70,78,519,393,126,501,378,123,4,0,0,497,18,15,3,910,337,573,2070
Gandhinagar,Gandhinagar (NA) WARD NO.-0013,13,832,3523,1893,1630,286,179,107,754,396,358,402,221,181,3132,1692,1440,391,201,190,1179,981,198,1132,954,178,4,7,2,1119,47,27,20,2344,912,1432,5102
Gandhinagar,Gandhinagar (NA) WARD NO.-0014,14,741,3256,1740,1516,264,142,122,608,313,295,212,117,95,2760,1535,1225,496,205,291,1067,915,152,899,792,107,3,0,4,892,168,123,45,2189,825,1364,4716
Gandhinagar,Gandhinagar (NA) WARD NO.-0015,15,436,2036,1062,974,264,142,122,124,65,59,108,57,51,1454,843,611,582,219,363,843,580,263,616,545,71,5,9,14,588,227,35,192,1193,482,711,2949
Gandhinagar,Gandhinagar (NA) WARD NO.-0016,16,1640,7552,4007,3545,952,521,431,2462,1319,1143,272,136,136,5178,2941,2237,2374,1066,1308,2588,2061,527,2111,1795,316,9,11,19,2072,477,266,211,4964,1946,3018,10938
Gandhinagar,Gandhinagar (NA) WARD NO.-0017,17,1846,8650,4468,4182,774,418,356,1713,868,845,328,169,159,7410,3948,3462,1240,520,720,2555,2225,330,2318,2042,276,5,4,27,2282,237,183,54,6095,2243,3852,12528
Gandhinagar,Gandhinagar (NA) WARD NO.-0018,18,783,3395,1761,1634,379,212,167,447,235,212,174,96,78,2857,1515,1342,538,246,292,1242,886,356,961,767,194,4,13,20,924,281,119,162,2153,875,1278,4917
Gandhinagar,Gandhinagar (NA) WARD NO.-0019,19,42,204,112,92,44,26,18,18,11,7,0,0,0,89,60,29,115,52,63,64,57,7,57,50,7,0,2,0,55,7,7,0,140,55,85,295
Gandhinagar,Gandhinagar (NA) WARD NO.-0020,20,61,279,150,129,41,19,22,35,17,18,0,0,0,111,67,44,168,83,85,87,66,21,56,45,11,0,0,0,56,31,21,10,192,84,108,404
Gandhinagar,Gandhinagar (NA) WARD NO.-0021,21,80,304,168,136,28,17,11,32,19,13,11,6,5,259,148,111,45,20,25,131,96,35,86,73,13,0,1,0,85,45,23,22,173,72,101,440
Gandhinagar,Gandhinagar (NA) WARD NO.-0022,22,1008,4342,2206,2136,340,180,160,573,288,285,185,101,84,3849,1979,1870,493,227,266,1392,1066,326,1349,1038,311,8,0,2,1339,43,28,15,2950,1140,1810,6289
Gandhinagar,Gandhinagar (NA) WARD NO.-0023,23,2017,9364,4801,4563,783,447,336,1479,754,725,706,374,332,8324,4292,4032,1040,509,531,2999,2287,712,2569,2011,558,14,8,11,2536,430,276,154,6365,2514,3851,13562
Gandhinagar,Gandhinagar (NA) WARD NO.-0024,24,1486,6561,3415,3146,568,316,252,831,427,404,400,212,188,5667,3024,2643,894,391,503,2274,1777,497,1953,1581,372,18,4,11,1920,321,196,125,4287,1638,2649,9502
Gandhinagar,Gandhinagar (NA) WARD NO.-0025,25,1860,8734,4534,4200,733,415,318,927,486,441,401,205,196,7708,4061,3647,1026,473,553,3184,2356,828,2834,2165,669,15,6,59,2754,350,191,159,5550,2178,3372,12649
Gandhinagar,Gandhinagar (NA) WARD NO.-0026,26,1841,8341,4320,4021,610,341,269,1260,633,627,525,273,252,7481,3920,3561,860,400,460,2792,2257,535,2395,1987,408,13,10,16,2356,397,270,127,5549,2063,3486,12080
Gandhinagar,Gandhinagar (NA) WARD NO.-0027,27,2922,13430,6923,6507,1128,598,530,2768,1417,1351,729,370,359,11761,6184,5577,1669,739,930,4706,3687,1019,4374,3488,886,17,14,28,4315,332,199,133,8724,3236,5488,19451
Gandhinagar,Gandhinagar (NA) WARD NO.-0028,28,2471,11108,5743,5365,851,484,367,1993,1050,943,329,173,156,9980,5213,4767,1128,530,598,3798,2895,903,3542,2740,802,16,14,21,3491,256,155,101,7310,2848,4462,16088
Gandhinagar,Gandhinagar (NA) WARD NO.-0029,29,408,1743,884,859,114,56,58,163,86,77,64,28,36,1584,813,771,159,71,88,652,480,172,568,438,130,6,2,4,556,84,42,42,1091,404,687,2524
Gandhinagar,Gandhinagar (NA) WARD NO.-0030,30,1014,4974,2595,2379,886,480,406,2087,1105,982,230,113,117,2848,1757,1091,2126,838,1288,1865,1343,522,1225,1025,200,14,23,66,1122,640,318,322,3109,1252,1857,7204
Gandhinagar,Gandhinagar (NA) WARD NO.-0031,31,786,3803,1993,1810,517,286,231,184,103,81,12,11,1,2529,1529,1000,1274,464,810,1307,1089,218,1089,958,131,1,5,4,1079,218,131,87,2496,904,1592,5508
Gandhinagar,Gandhinagar (NA) WARD NO.-0032,32,488,2379,1245,1134,258,142,116,173,93,80,59,30,29,1850,1054,796,529,191,338,779,669,110,645,591,54,35,131,31,448,134,78,56,1600,576,1024,3446
Gandhinagar,Gandhinagar (NA) WARD NO.-0033,33,367,1878,972,906,286,164,122,0,0,0,3,1,2,1288,739,549,590,233,357,632,517,115,532,475,57,33,271,4,224,100,42,58,1246,455,791,2720
Gandhinagar,Gandhinagar (NA) WARD NO.-0034,34,1306,5977,3099,2878,955,485,470,458,242,216,232,123,109,3710,2235,1475,2267,864,1403,1952,1649,303,1801,1547,254,9,266,26,1500,151,102,49,4025,1450,2575,8656
Gandhinagar,Gandhinagar (NA) WARD NO.-0035,35,1020,4851,2515,2336,746,386,360,278,155,123,112,59,53,2775,1688,1087,2076,827,1249,1554,1305,249,1449,1229,220,6,2,11,1430,105,76,29,3297,1210,2087,7026
Gandhinagar,Gandhinagar (NA) WARD NO.-0036,36,1525,6887,3629,3258,713,388,325,1090,567,523,473,253,220,5194,2911,2283,1693,718,975,2034,1827,207,1857,1697,160,3,7,12,1835,177,130,47,4853,1802,3051,9974
Gandhinagar,Gandhinagar (NA) WARD NO.-0037,37,304,1367,704,663,167,94,73,200,105,95,34,15,19,1065,583,482,302,121,181,481,394,87,419,337,82,2,8,0,409,62,57,5,886,310,576,1980
